Rubrique,Abrégé,Libellé,Code produit unique,Poids,Codes barre,Abrégé classement,Seuil alerte stock,Description,URL image,CLICK AND COLLE,BOUTIQUE EXPéDI,LIVRAISONS
FIGURINES,5059072000567,JOKER ARKHAM 1:16,,1,5059072000567,JOKER ARKHAM 1:16,0,,https://storage.googleapis.com/f7w-product-images/dea30afbd1ff93f619bc2d1ca4b4b387be8a12c5/83B8D7FB-A9EF-541E-A0FF-69BFE88C888F-512x512.jpg,24.9,24.9,24.9
DRAKKAR,3328170258340,Lunettes de protection Solarstenn - Drakkar,,0.2,3328170258340,KX-GLAS-PC,0,,https://storage.googleapis.com/f7w-product-images/dea30afbd1ff93f619bc2d1ca4b4b387be8a12c5/2ED682BF-68F4-35E2-722C-2539B965120C-512x512.jpg,29.9,29.9,29.9
FIGURINE POP,889698466844,POP BLACK WIDOW - TASK BOUCLIER,2147483647,0.15,889698466844,POP 605,0,,https://storage.googleapis.com/f7w-product-images/dea30afbd1ff93f619bc2d1ca4b4b387be8a12c5/CA366465-CFE1-A128-B7ED-E6D199883700-512x512.jpg,15.9,15.9,15.9
FIGURINE POP,889698452588,Pop Directeurs 01 Ava Duvernay,,0.15,889698452588,POP01,0,,https://storage.googleapis.com/f7w-product-images/dea30afbd1ff93f619bc2d1ca4b4b387be8a12c5/217303F4-212F-7722-D6F7-A5A21E809D4F-512x512.jpg,15.9,15.9,15.9
FIGURINE POP,889698519465,Pop Movies Starship Troopers Rico In Jumpsuit,,0.15,889698519465,POP1047,0,,https://storage.googleapis.com/f7w-product-images/dea30afbd1ff93f619bc2d1ca4b4b387be8a12c5/EAC0AE16-FEC5-7BCA-8F5B-AC3A18359C41-512x512.jpg,15.9,15.9,15.9
FIGURINE POP,889698519441,Pop Movies Starship Troopers Carl Jenkins,,0.15,889698519441,POP1048,0,,https://storage.googleapis.com/f7w-product-images/dea30afbd1ff93f619bc2d1ca4b4b387be8a12c5/7BAE4A1D-77F2-E21D-5119-6124B16B6B34-512x512.jpg,15.9,15.9,15.9
FIGURINE POP,889698519472,Pop Movies Starship Troopers Jean Rasczak,,0.15,889698519472,POP1050,0,,https://storage.googleapis.com/f7w-product-images/dea30afbd1ff93f619bc2d1ca4b4b387be8a12c5/15BDA39C-4D7F-E5CB-F2D7-960B2F45B68C-512x512.jpg,15.9,15.9,15.9
FIGURINE POP,889698364232,Grey's Anatomy - Pop - Meredith Grey,,0.15,889698364232,POP1074,0,,https://storage.googleapis.com/f7w-product-images/dea30afbd1ff93f619bc2d1ca4b4b387be8a12c5/B5EFF359-B343-3F16-60C9-78227196F7EB-512x512.jpg,15.9,15.9,15.9
FIGURINE POP,889698562270,Space Jam A New Legacy - Dom,,0.15,889698562270,POP1086,0,,https://storage.googleapis.com/f7w-product-images/dea30afbd1ff93f619bc2d1ca4b4b387be8a12c5/4C67B487-057B-0B02-9F27-C4BBA92FD546-512x512.jpg,15.9,15.9,15.9
FIGURINE POP,889698550697,Umbrella Academy Klaus Pop,,0.15,889698550697,POP1115,0,,https://storage.googleapis.com/f7w-product-images/dea30afbd1ff93f619bc2d1ca4b4b387be8a12c5/A097F3E0-3A13-16C3-56E6-E76909FD555D-512x512.jpg,15.9,15.9,15.9
FIGURINE POP,889698552820,BABY POGO FIGURINE THE UMBRELLA ACADEMY POP,,0.15,889698552820,POP1119,0,,https://storage.googleapis.com/f7w-product-images/dea30afbd1ff93f619bc2d1ca4b4b387be8a12c5/B67C8B34-0E49-0D61-3463-4167AB9DEBAF-512x512.jpg,15.9,15.9,15.9
FIGURINE POP,889698568005,Pop - Zack Snyder's Justice League - Diana Prince,,0.15,889698568005,POP1124,0,,https://storage.googleapis.com/f7w-product-images/dea30afbd1ff93f619bc2d1ca4b4b387be8a12c5/4CB802A3-3736-82DD-E08F-4742F6AA736A-512x512.jpg,15.9,15.9,15.9
FIGURINE POP,889698443746,POP Birds of Prey  Roman Sionis,,0.15,889698443746,POP306,0,<p>Coloris aléatoire celons arrivage.</p>,https://storage.googleapis.com/f7w-product-images/dea30afbd1ff93f619bc2d1ca4b4b387be8a12c5/DC972403-CF72-6A6C-2870-A3FC5C7CB206-512x512.jpg,15.9,15.9,15.9
FIGURINE POP,889698430913,Pop Star Wars D-O,,0.15,889698430913,POP312,0,,https://storage.googleapis.com/f7w-product-images/dea30afbd1ff93f619bc2d1ca4b4b387be8a12c5/1C5C58CF-56AA-1FC0-0E4B-384B48E99A7E-512x512.jpg,15.9,15.9,15.9
FIGURINE POP,889698355926,Pop Rick and Morty - Froopyland Beth,,0.15,889698355926,POP442,0,,https://storage.googleapis.com/f7w-product-images/dea30afbd1ff93f619bc2d1ca4b4b387be8a12c5/D21F727E-55F4-D3F6-99CC-FDB800CF30E5-512x512.jpg,15.9,15.9,15.9
FIGURINE POP,889698555029,"Pop! Star Wars , Pop! Vinyl",,0.15,889698555029,POP445,0,,https://storage.googleapis.com/f7w-product-images/dea30afbd1ff93f619bc2d1ca4b4b387be8a12c5/DAF666CC-E8FD-DFA8-1D73-C23E8723DA4C-512x512.jpg,15.9,15.9,15.9
FIGURINE POP,889698433488,Pop Spyro Gnasty Gnorc,,0.5,889698433488,POP530,0,,https://storage.googleapis.com/f7w-product-images/dea30afbd1ff93f619bc2d1ca4b4b387be8a12c5/DBEC4677-BD33-2207-8DC0-132960D8C2A2-512x512.jpg,15.9,15.9,15.9
FIGURINE POP,889698433471,Figurine Spyro - Ripto Pop,,0.15,889698433471,POP531,0,,https://storage.googleapis.com/f7w-product-images/dea30afbd1ff93f619bc2d1ca4b4b387be8a12c5/6CC6668D-4D56-D5AB-D83F-F69A27BAE566-512x512.jpg,15.9,15.9,15.9
FIGURINE POP,889698433457,Pop Crash Bandicoot S3 - Nitros Oxide,,0.15,889698433457,POP534,0,,https://storage.googleapis.com/f7w-product-images/dea30afbd1ff93f619bc2d1ca4b4b387be8a12c5/A5866982-AF52-E85A-5A71-87FFBCCB89A3-512x512.jpg,15.9,15.9,15.9
FIGURINE POP,889698408943,Disney Pop! - Frozen 2 - Mattias,,0.15,889698408943,POP586,0,,https://storage.googleapis.com/f7w-product-images/dea30afbd1ff93f619bc2d1ca4b4b387be8a12c5/527DA013-4E07-C664-5614-F40DE0F2C5AD-512x512.jpg,15.9,15.9,15.9
FIGURINE POP,889698466851,Pop Marvel: Black Widow – Taskmas,,0.15,889698466851,POP606,0,,https://storage.googleapis.com/f7w-product-images/dea30afbd1ff93f619bc2d1ca4b4b387be8a12c5/BE7DF2A5-692E-3767-710B-26EC5E7956AA-512x512.jpg,15.9,15.9,15.9
FIGURINE POP,889698466868,Red Guardian Pop 9 cm Black Widow,,0.15,889698466868,POP608,0,,https://storage.googleapis.com/f7w-product-images/dea30afbd1ff93f619bc2d1ca4b4b387be8a12c5/C72DD5A0-E688-A3B5-E1FB-8B7F3464DE86-512x512.jpg,15.9,15.9,15.9
FIGURINE POP,889698546577,Marvel Deadpool 30th - sénateur romain Deadpool,,0.15,889698546577,POP779,0,,https://storage.googleapis.com/f7w-product-images/dea30afbd1ff93f619bc2d1ca4b4b387be8a12c5/6733EB61-A56D-679E-6B48-85C6A4F3CF12-512x512.jpg,15.9,15.9,15.9
FIGURINE POP,889698523721,Figurine Funko Pop! Marvel : Wanda Vision - Monica,,0.15,889698523721,POP825,0,,https://storage.googleapis.com/f7w-product-images/dea30afbd1ff93f619bc2d1ca4b4b387be8a12c5/BA363AEB-4733-4CDC-614E-0364BCA11A48-512x512.jpg,15.9,15.9,15.9
FIGURINE POP,889698443128,Figurines Pop Figurine Funko POP Red (Us),,0.15,889698443128,POP836,0,,https://storage.googleapis.com/f7w-product-images/dea30afbd1ff93f619bc2d1ca4b4b387be8a12c5/48A3B596-9A7E-15AB-B331-E5979B4CAA42-512x512.jpg,15.9,15.9,15.9
FIGURINE POP,889698451994,POP Figure Histoires effrayantes Harold,,0.15,889698451994,POP846,0,,https://storage.googleapis.com/f7w-product-images/dea30afbd1ff93f619bc2d1ca4b4b387be8a12c5/8D34A4A0-CD6C-D62B-02CD-37498D8F5267-512x512.jpg,15.9,15.9,15.9
FIGURINE POP,889698452007,Pop Scary Stories Jangly Man,,0.15,889698452007,POP847,0,,https://storage.googleapis.com/f7w-product-images/dea30afbd1ff93f619bc2d1ca4b4b387be8a12c5/75332701-CB1D-BEC8-282C-FD2F78896606-512x512.jpg,15.9,15.9,15.9
FIGURINE POP,889698562034,POP Masters Of The Universe Dragstor,,0.15,889698562034,POP85,0,,https://storage.googleapis.com/f7w-product-images/dea30afbd1ff93f619bc2d1ca4b4b387be8a12c5/946069E8-9E04-B5EC-8C89-7738434618C7-512x512.jpg,15.9,15.9,15.9
FIGURINE POP,889698562041,Pop -Masters of the Universe -  Evil-Lyn,,0.15,889698562041,POP86,0,,https://storage.googleapis.com/f7w-product-images/dea30afbd1ff93f619bc2d1ca4b4b387be8a12c5/34892FCC-15A1-D089-DBF4-B16DD3881499-512x512.jpg,15.9,15.9,15.9
FIGURINE POP,889698562058,Pop Masters of the Universe  Horde Trooper,,0.15,889698562058,POP87,0,,https://storage.googleapis.com/f7w-product-images/dea30afbd1ff93f619bc2d1ca4b4b387be8a12c5/D20C8E91-03E4-597A-35A9-43621A4EAC89-512x512.jpg,15.9,15.9,15.9
FIGURINE POP,889698463515,Funko Pop Television Altered Carbon Takeshi Kovacs,,0.15,889698463515,POP924,0,,https://storage.googleapis.com/f7w-product-images/dea30afbd1ff93f619bc2d1ca4b4b387be8a12c5/28466B83-4FDA-FE93-B2B8-1DF53F4DC83D-512x512.jpg,15.9,15.9,15.9
